Stock Name:Reliance Industries Ltd.,As on 30-Jun-26

Sector,No. of Funds,No. of Shares,No. of Shares,No. of Shares,No. of Shares
,,`Jun-26,`May-26,`Apr-26,`Mar-26
Energy,644,1351744321,1353376795,1302381102,1297994364


`Fund Name,`Fund Manager,`Jun-26,`Jun-26,`Jun-26,`May-26,`Apr-26,`Mar-26
,,AUM (in Rs. cr),% of AUM,No. of Shares,No. of Shares,No. of Shares,No. of Shares
SBI Nifty 50 ETF,Viral Chhadva,210089.7,7.97,129414664,128186874 ,127752190,126632993
SBI BSE Sensex ETF,Viral Chhadva,119443.7,9.62,88783084,88318540 ,87782107,87300244
UTI Nifty 50 ETF,Sharwan Kumar Goyal,70930.8,7.97,43708619,43063043 ,42711710,42235559
UTI BSE Sensex ETF,Sharwan Kumar Goyal,55168.2,9.62,41024909,40499331 ,39985610,39505684
Nippon India ETF Nifty 50 BeES,Himanshu Mange,64785.3,7.97,39901110,39269339 ,38581855,37631042
ICICI Pru Large Cap Fund(G),Sankaran Naren,79420.7,5.61,34445500,31220500 ,29720500,35220500
HDFC Balanced Advantage Fund(G),Gopal Agrawal,106456.2,3.82,31400311,30100311 ,30100311,29500311
ICICI Pru Nifty 50 ETF,Nishit Patel,42099.5,7.97,25932429,25509632 ,24927640,24334927
SBI Large Cap Fund-Reg(G),Saurabh Pant,55064.0,5.76,24500000,24500000 ,24500000,24500000
ICICI Pru Value Fund(G),Sankaran Naren,60198.3,5.16,24007674,21496674 ,21257283,26657283
ICICI Pru BSE Sensex ETF,Nishit Patel,30689.9,9.62,22812584,22154030 ,21539654,20955836
ICICI Pru Multi-Asset Fund(G),Sankaran Naren,84990.6,3.30,21647703,12011792 ,12011792,12484292
Nippon India ETF BSE Sensex,Himanshu Mange,26997.4,9.62,20065745,19514957 ,18985444,18483777
ICICI Pru Equity & Debt Fund(G),Sankaran Naren,51480.5,4.70,18689980,17839980 ,17839980,17861065
SBI Contra Fund-Reg(G),Dinesh Balachandran,47361.7,4.84,17717567,17717567 ,17717567,17717567
UTI Nifty 50 Index Fund-Reg(G),Sharwan Kumar Goyal,28685.1,7.97,17675044,17375889 ,17104151,16105301
Nippon India Large Cap Fund(G),Sailesh Raj Bhan,53227.0,4.24,17441139,16441139 ,15537539,19037539
HDFC Flexi Cap Fund(G),Amit Ganatra,106495.6,1.97,16227964,15494753 ,15368864,12754533
ICICI Pru Balanced Advantage Fund(G),Rajat Chandak,72486.3,2.88,16138623,16113856 ,16113856,15721356
Mirae Asset Large Cap Fund-Reg(G),Gaurav Misra,38379.3,5.19,15405035,15405035 ,15405035,15135073
Kotak Arbitrage Fund(G),Hiten Shah,72409.4,2.70,15131000,18201500 ,6956000,7804000
SBI Equity Hybrid Fund-Reg(G),R. Srinivasan,85633.5,2.27,15000000,15000000 ,13000000,13000000
HDFC Large Cap Fund(G),Rahul Baijal,39023.7,4.96,14950234,14950234 ,14950234,14250234
SBI Balanced Advantage Fund-Reg(G),Dinesh Balachandran,41512.9,4.56,14629042,15325542 ,15325542,15325542
HDFC Nifty 50 Index Fund(G),Arun Agarwal,23703.0,7.97,14605996,14462970 ,14341849,13487033
SBI Arbitrage Opportunities Fund-Reg(G),Neeraj Kumar,45923.1,3.35,11877500,8193000 ,5612000,4965000
Aditya Birla SL Large Cap Fund-Reg(G),Harish krishnan,29029.3,5.08,11395468,11395468 ,11395468,11011968
Mirae Asset Large & Midcap Fund-Reg(G),Neelesh Surana,44048.0,3.24,11028161,9052551 ,8375843,7006203
ICICI Pru India Opp Fund(G),Sankaran Naren,37256.8,3.68,10610410,9860410 ,9160410,10410410
ICICI Pru Nifty 50 Index Fund-Reg(G),Nishit Patel,16839.3,7.97,10371971,10264157 ,10156235,9302260
ICICI Pru Arbitrage Fund(G),Archana Nair,33423.3,3.98,10287000,8541500 ,5753500,2894500
Kotak Flexicap Fund(G),Harsha Upadhyaya,55850.3,2.32,10000000,10000000 ,10000000,10000000
Mirae Asset ELSS Tax Saver Fund-Reg(G),Neelesh Surana,26049.1,4.67,9410648,7805648 ,7405648,6774299
Axis Large Cap Fund-Reg(G),Shreyash Devalkar,30912.6,3.77,9010033,10844278 ,10844278,10844278
SBI Nifty Index Fund-Reg(G),Viral Chhadva,13646.1,7.97,8404201,8293515 ,8207294,7407111
Invesco India Arbitrage Fund-Reg(G),Deepak Gupta,28526.5,3.76,8279000,0 ,0,0
HDFC Arbitrage Fund-Reg(G),Arun Agarwal,23772.0,4.26,7835000,8355000 ,7833000,5730000
Nippon India Multi Cap Fund(G),Sailesh Raj Bhan,54584.6,1.79,7568975,7568975 ,7568975,7568975
HDFC Hybrid Equity Fund(G),Anupam Joshi,22367.9,4.28,7400000,7400000 ,7400000,7200000
SBI ELSS Tax Saver Fund-Reg(G),Milind Agrawal,31839.3,2.96,7275148,11275148 ,11275148,11275148
ICICI Pru Equity Savings Fund-Reg(G),Dharmesh Kakkad,16499.9,5.41,6902929,6902929 ,6902929,6628930
ICICI Pru Business Cycle Fund(G),Manish Banthia,16137.5,5.34,6657661,6534630 ,6377304,6162304
Aditya Birla SL Arbitrage Fund(G),Lovelish Solanki,26645.6,3.21,6601500,7517500 ,7327500,7189000
Axis ELSS Tax Saver Fund-Reg(G),Shreyash Devalkar,31869.3,2.62,6447294,7919840 ,7919840,7220799
Canara Rob Large Cap Fund-Reg(G),Shridatta Bhandwaldar,16692.3,4.96,6401500,6401500 ,6401500,6401500
SBI Large & Midcap Fund-Reg(G),Saurabh Pant,40849.9,2.03,6400000,7600000 ,7600000,7600000
HDFC BSE Sensex Index Fund(G),Arun Agarwal,8484.7,9.62,6307143,6343464 ,6328163,6276321
Nippon India Arbitrage Fund(G),Vikash Agarwal,16638.2,4.83,6212500,5666000 ,2914500,3010500
ICICI Pru Energy Opportunities Fund-Reg(G),Nitya Mishra,8351.6,9.53,6151230,6001230 ,5151230,5931230
Aditya Birla SL Flexi Cap Fund-Reg(G),Harish krishnan,26726.7,2.76,5706067,5706067 ,5706067,5706067
ICICI Pru ELSS Tax Saver Fund(G),Mittul Kalawadia,14064.5,5.21,5665349,5665349 ,5522247,5362304
SBI Multicap Fund-Reg(G),Ruchit Mehta,23693.4,3.06,5600000,5600000 ,0,0
SBI Energy Opportunities Fund-Reg(G),Raj Gandhi,8712.0,7.86,5295000,5295000 ,5295000,5295000
Franklin India Focused Equity Fund(G),Ajay Argal,11408.9,5.94,5240000,5240000 ,5240000,5240000
Kotak Large Cap Fund(G),Rohit Tandon,10772.3,6.12,5094835,5094835 ,5094835,5079835
Bandhan Value Fund-Reg(G),Daylynn Pinto,9985.0,6.48,5000000,5000000 ,5000000,5000000
Invesco India Contra Fund-Reg(G),Taher Badshah,19995.7,3.16,4878249,4878249 ,4878249,4878249
UTI Large Cap Fund-Reg(G),Karthikraj Lakshmanan,11975.7,5.18,4795093,4795093 ,4795093,4795093
Tata Arbitrage Fund-Reg(G),Sailesh Jain,24026.0,2.57,4765000,2029500 ,1496500,805500
Nippon India Power & Infra Fund(G),Rahul Modi,8043.4,7.50,4660000,4660000 ,4660000,4660000
Kotak Balanced Advantage Fund-Reg(G),Rohit Tandon,17371.7,3.43,4611505,4611505 ,4611505,4611505
Franklin India Flexi Cap Fund(G),R. Janakiraman,19274.1,3.02,4493052,4493052 ,4493052,4493052
Aditya Birla SL ELSS Tax Saver Fund(G),Dhaval Shah,14466.9,3.81,4260426,4260426 ,4260426,4260426
HDFC Manufacturing Fund-Reg(G),Rakesh Sethia,10328.0,5.16,4120000,4120000 ,4220000,4220000
Parag Parikh Flexi Cap Fund-Reg(G),Rajeev Thakkar,143388.4,0.37,4061000,2071500 ,2017500,2017500
HDFC Multi Cap Fund-Reg(G),Amar Kalkundrikar,20216.9,2.53,3950000,3950000 ,3950000,3950000
Edelweiss Balanced Advantage Fund-Reg(G),Bhavesh Jain,13031.2,3.77,3800180,3800180 ,3800180,4033180
Canara Rob Flexi Cap Fund-Reg(G),Shridatta Bhandwaldar,13327.7,3.59,3698362,3698362 ,3698362,3698362
Kotak Large & Midcap Fund(G),Harsha Upadhyaya,31262.7,1.49,3600000,3600000 ,3600000,3600000
SBI Infrastructure Fund-Reg(G),Bhavin Vithlani,4852.1,9.60,3600000,3600000 ,3600000,3600000
HDFC Large and Mid Cap Fund-Reg(G),Gopal Agrawal,29284.7,1.51,3426186,3426186 ,1926186,1926186
Bandhan ELSS Tax Saver Fund-Reg(G),Daylynn Pinto,6911.3,6.37,3400000,3300000 ,3300000,3300000
Nippon India ELSS Tax Saver Fund(G),Rupesh Patel,14879.9,2.96,3400000,3400000 ,3400000,3650000
HSBC Value Fund-Reg(G),Venugopal Manghat,14828.3,2.93,3358402,3358402 ,3358402,3358402
HDFC ELSS Tax saver(G),Amar Kalkundrikar,15685.2,2.74,3325000,3325000 ,3325000,3325000
Aditya Birla SL Focused Fund(G),Kunal Sangoi,7854.7,5.42,3291742,3170046 ,3170046,3486850
HDFC Nifty 50 ETF,Arun Agarwal,5319.6,7.97,3276900,3256231 ,3241675,3192771
SBI Flexicap Fund-Reg(G),Anup Upadhyay,22685.1,1.86,3269667,3269667 ,3269667,4901667
Mirae Asset Nifty 50 ETF,Ekta Gala,5209.3,7.97,3208633,3222879 ,3212780,3160322
ICICI Pru Large & Mid Cap Fund(G),Lalit Kumar,30971.1,1.32,3154285,3154285 ,3154285,3154285
Tata Balanced Adv Fund-Reg(G),Rahul Singh (Tata),8834.2,4.61,3146730,3146730 ,3146730,3146730
Franklin India Opportunities Fund(G),R. Janakiraman,9192.1,4.32,3070606,3070606 ,3070606,2107409
DSP India T.I.G.E.R Fund-Reg(G),Rohit Singhania,6263.5,6.24,3020622,1983815 ,679580,679580
Franklin India Large Cap Fund(G),Venkatesh Sanjeevi,7255.7,5.24,2936448,2936448 ,2936448,3138273
UTI Arbitrage Fund-Reg(G),Sharwan Kumar Goyal,11324.1,3.35,2936000,2522500 ,2179000,2234000
Canara Rob ELSS Tax Saver-Reg(G),Vishal Mishra,8636.8,4.18,2787000,2602000 ,2527000,2512000
DSP ELSS Tax Saver Fund-Reg(G),Rohit Singhania,16562.4,2.15,2757341,0 ,0,0
Nippon India Flexi Cap Fund-Reg(G),Meenakshi Dawar,9590.2,3.55,2633624,2633624 ,2633624,2633624
Sundaram Aggressive Hybrid Fund(G),S. Bharath,8940.5,3.74,2584469,3210808 ,2587628,2537858
Edelweiss Arbitrage Fund-Reg(G),Bhavesh Jain,15062.3,2.16,2510500,2699500 ,1585000,1238000
Axis Arbitrage Fund-Reg(G),Devang Shah,10362.4,3.13,2507500,0 ,0,0
Mirae Asset Aggressive Hybrid Fund-Reg(G),Harshad Borawake,9426.2,3.44,2507068,2267068 ,2267068,2237068
Axis Large & Mid Cap Fund-Reg(G),Shreyash Devalkar,16469.3,1.97,2501336,2501336 ,2501336,2801336
HDFC Retirement Savings Fund-Equity Plan-Reg(G),Srinivasan Ramamurthy,6832.1,4.73,2500000,2500000 ,2500000,2200000
HDFC Childrens Fund,Chirag Setalvad,10487.9,3.07,2485332,2485332 ,2485332,2485332
Navi Nifty 50 Index Fund-Reg(G),Ashutosh Shirwaikar,4014.7,7.97,2472480,2440834 ,2405110,2357363
Nippon India Focused Fund(G),Vinay Sharma,8531.2,3.72,2452794,1952794 ,1952794,3060167
HDFC Equity Savings Fund(G),Srinivasan Ramamurthy,5639.5,5.59,2438500,2438500 ,2438500,2438500
Bandhan Flexi Cap Fund-Reg(G),Manish Gunwani,7417.4,4.19,2400000,2400000 ,2400000,1350000
HDFC Multi-Asset Allocation Fund(G),Srinivasan Ramamurthy,5881.4,5.21,2366500,2366500 ,2366500,2366500
Nippon India Index Fund-Nifty 50 Plan(G),Himanshu Mange,3791.7,7.97,2335723,2286145 ,2251131,1995521
DSP Arbitrage Fund-Reg(G),Kaivalya Nadkarni,6529.1,4.59,2315000,1888500 ,1313000,1266500
Tata Large & Mid Cap Fund-Reg(G),Chandraprakash Padiyar,7887.0,3.77,2300000,2300000 ,2300000,2300000
DSP Large Cap Fund-Reg(G),Anish Tawakley,7190.4,4.08,2269483,2269483 ,0,0
Mirae Asset Focused Fund-Reg(G),Gaurav Misra,6575.7,4.42,2246868,0 ,0,0
SBI Equity Savings Fund-Reg(G),Nidhi Chawla,5610.1,5.17,2239662,2008162 ,2008162,2008162
Bajaj Finserv Flexi Cap Fund-Reg(G),Nimesh Chandan,7768.9,3.71,2229745,1721492 ,1481404,1481404
Canara Rob Equity Hybrid Fund-Reg(G),Ennettee Fernandes,11142.4,2.50,2150000,2150000 ,2150000,2150000
ICICI Pru Equity Minimum Variance Fund-Reg(G),Aatur Shah,2881.6,9.65,2150000,2110000 ,2110000,750000
UTI Value Fund-Reg(G),Amit Premchandani,9439.6,2.91,2125000,1925000 ,1925000,1925000
Kotak Nifty 50 ETF,Satish Dondapati,3436.1,7.97,2115526,2087285 ,2065089,2040262
ICICI Pru Manufacturing Fund(G),Roshan Chutkey,6842.5,3.95,2091439,1457544 ,1029637,924636
Aditya Birla SL Equity Hybrid 95 Fund(G),Harshil Suvarnkar,7064.7,3.81,2078812,2078812 ,2078812,2078812
Nippon India Multi Asset Allocation Fund-Reg(G),Vinay Sharma,16000.2,1.67,2063054,1863054 ,1863054,2563054
ICICI Pru Dividend Yield Equity Fund(G),Mittul Kalawadia,6629.6,4.01,2056459,2056459 ,1761492,1538943
Nippon India Balanced Advantage Fund(G),Sushil Budhia,9796.3,2.64,2000000,2000000 ,1850000,1850000
Aditya Birla SL Nifty 50 ETF,Mehul Dama,3218.6,7.97,1982646,1933203 ,1903740,1891315
ICICI Pru Infrastructure Fund(G),Sanket Gaidhani,8549.7,3.00,1979725,1429725 ,1429725,1429725
Nippon India Value Fund(G),Dhrumil Shah,8962.4,2.77,1920396,1920396 ,1920396,1920396
Bandhan Large & Mid Cap Fund-Reg(G),Manish Gunwani,18783.2,1.26,1828302,2028302 ,2478302,2525107
Helios Flexi Cap Fund-Reg(G),Alok Bahl,7577.3,3.03,1777318,1777318 ,1777318,2240096
SBI Multi Asset Allocation Fund-Reg(G),Dinesh Balachandran,19354.2,1.15,1720000,1720000 ,1720000,1720000
Aditya Birla SL Balanced Advantage Fund(G),Harish krishnan,9489.6,2.33,1709158,1709158 ,2049658,1754927
Bandhan Nifty 50 Index Fund-Reg(G),Abhishek Jain,2701.9,7.97,1664982,1640437 ,1628494,1468086
Sundaram Services Fund-Reg(G),Rohit Seksaria,4934.0,4.24,1616287,1616287 ,1616287,1532287
Axis Small Cap Fund-Reg(G),Tejas Sheth,29393.8,0.71,1604466,1604466 ,1604466,1604466
Motilal Oswal Large Cap Fund-Reg(G),Ajay Khandelwal,3189.1,6.49,1600000,1600000 ,1600000,1600000
Aditya Birla SL Value Fund-Reg(G),Kunal Sangoi,6603.1,3.12,1590407,1590407 ,1590407,1737530
Kotak Multi Asset Allocation Fund-Reg(G),Devender Singhal,14308.5,1.38,1527500,1527500 ,1527500,1527500
Axis India Manufacturing Fund-Reg(G),Nitin Arora,5377.7,3.67,1525604,1525604 ,1676973,1754377
Tata Multi Asset Allocation Fund-Reg(G),Rahul Singh (Tata),5154.5,3.81,1518852,1518852 ,1334352,1334352
Franklin India ELSS Tax Saver Fund(G),R. Janakiraman,6166.3,3.09,1472922,1472922 ,1472922,1472922
WOC Flexi Cap Fund-Reg(G),Ramesh Mantri,8582.4,2.20,1459453,1395055 ,1395055,1395055
Aditya Birla SL Conglomerate Fund-Reg(G),Harish krishnan,1628.3,11.50,1447593,1447593 ,1484725,1731854
Kotak Infra & Eco Reform Fund(G),Nalin Rasik Bhatt,2446.8,7.61,1440000,1440000 ,790000,790000
Bandhan Arbitrage Fund-Reg(G),Kapil Kankonkar,8189.7,2.22,1404500,1180500 ,1045000,852000
Abakkus Flexi Cap Fund-Reg(G),Sanjay Doshi,5300.9,3.42,1400000,1100000 ,1000000,1000000
Mirae Asset Flexi Cap Fund-Reg(G),Varun Goel,4262.0,4.24,1396238,1306238 ,1306238,1166238
ICICI Pru BSE Sensex Index Fund(G),Nishit Patel,1843.3,9.62,1369897,1371991 ,1362816,1344270
DSP Natural Res & New Energy Fund-Reg(G),Rohit Singhania,2400.8,7.35,1364020,800748 ,358082,358082
Axis Balanced Advantage Fund-Reg(G),Jayesh Sundar,3814.4,4.63,1363657,1059657 ,1059657,1164551
Tata ELSS Fund-Reg(G),Sailesh Jain,4597.3,3.80,1350000,1350000 ,1350000,1350000
Axis Multicap Fund-Reg(G),Shreyash Devalkar,10457.3,1.61,1305217,1305217 ,1305217,1505217
Franklin Build India Fund(G),Ajay Argal,3255.7,5.17,1300000,1300000 ,1300000,1260000
Nippon India Vision Large & Mid Cap Fund(G),Aishwarya Agarwal,7459.1,2.26,1300000,1300000 ,1300000,2250000
UTI Aggressive Hybrid Fund-Reg(G),V. Srivatsa,6648.2,2.52,1296903,1221903 ,1221903,1221903
UTI Infrastructure Fund-Reg(G),Deepesh Agarwal,2162.5,7.66,1280226,1193810 ,1162502,1078234
DSP Multi Asset Allocation Fund-Reg(G),Aparna Karnik,10105.2,1.63,1276292,900000 ,0,0
Kotak Focused Fund-Reg(G),Shibani Kurian,4298.8,3.80,1263800,1263800 ,1263800,1263800
HDFC Value Fund-Reg(G),Anand Laddha,7583.3,2.13,1250000,1250000 ,1205000,1005000
Tata Flexi Cap Fund-Reg(G),Anand Sharma,3638.8,4.37,1230356,1185356 ,1185356,1185356
PGIM India Flexi Cap Fund-Reg(G),Anandha Padmanabhan Anjeneyan,5817.8,2.72,1221708,1221708 ,1221708,1725728
Axis Focused Fund-Reg(G),Sachin Relekar,11078.4,1.41,1203659,1573259 ,1950859,1950859
HSBC Flexi Cap Fund-Reg(G),Abhishek Gupta,5633.4,2.75,1195160,1195160 ,1195160,1195160
Baroda BNP Paribas Balanced Advantage Fund-Reg(G),Jitendra Sriram,5002.6,3.06,1182755,1200000 ,1200000,1200000
Kotak Contra Fund-Reg(G),Shibani Kurian,5331.4,2.87,1181648,1181648 ,1181648,1181648
Aditya Birla SL Multi Asset Allocation Fund-Reg(G),Dhaval Gala,6989.1,2.14,1157103,1157103 ,1157103,1157103
Kotak Equity Savings Fund(G),Devender Singhal,10223.5,1.45,1148452,1147952 ,1147952,1147952
Baroda BNP Paribas Large Cap Fund-Reg(G),Jitendra Sriram,2570.6,5.66,1125000,1125000 ,1125000,1134000
Motilal Oswal Arbitrage Fund-Reg(G),Vishal Ashar,2847.6,5.09,1119500,0 ,0,0
NJ Balanced Advantage Fund-Reg(G),Viral Shah,3393.5,4.25,1114500,1114500 ,1040000,975500
Bandhan Multi Asset Allocation Fund-Reg(G),Viraj Kulkarni,3490.7,4.09,1102500,1102500 ,1102500,1065500
Kotak Multicap Fund-Reg(G),Devender Singhal,28074.2,0.51,1100000,1100000 ,1100000,1100000
UTI MEPUS,Karthikraj Lakshmanan,2754.1,5.12,1089563,1089563 ,1089563,1089563
Mahindra Manulife Focused Fund-Reg(G),Krishna Sanghavi,2197.9,6.37,1081335,1081335 ,1081335,931335
Mirae Asset Multicap Fund-Reg(G),Ankit Jain,5278.0,2.61,1066157,862497 ,862497,814379
Tata Large Cap Fund-Reg(G),Abhinav Sharma,2721.3,4.99,1050000,1050000 ,1050000,1050000
UTI Focused Fund-Reg(G),Vishal Chopda,2413.4,5.63,1050000,923000 ,923000,883000
Sundaram Multi Asset Allocation Fund-Reg(G),Rohit Seksaria,3268.2,4.13,1043412,1079281 ,1079281,1079281
UTI Large & Mid Cap Fund-Reg(G),V. Srivatsa,6217.8,2.17,1041380,981380 ,981380,981380
UTI Balanced Advantage Fund-Reg(G),Sachin Trivedi,3022.0,4.42,1032167,1082167 ,1082167,1082167
Tata NIFTY 50 Index Fund-Reg(G),Nitin Sharma,1673.6,7.97,1031048,1011524 ,1004043,910486
Nippon India Retirement Fund-Wealth Creation(G),Pranay Sinha,3084.1,4.30,1025000,1025000 ,1025000,1025000
Motilal Oswal Nifty 500 Index Fund-Reg(G),Swapnil P Mayekar,2968.0,4.45,1021473,1034248 ,1035335,1016210
Axis Nifty 100 Index Fund-Reg(G),Nandik Mallik,2023.8,6.52,1019625,996303 ,990078,979095
Sundaram Large Cap Fund-Reg(G),Ashwin Jain,3063.0,4.27,1011076,1011076 ,1011076,1011076
HSBC Multi Cap Fund-Reg(G),Venugopal Manghat,5914.0,2.20,1006999,1219235 ,1219235,1219235
SBI ESG Exclusionary Strategy Fund-Reg(G),Rohit Shimpi,5346.8,2.43,1005000,1005000 ,1005000,1005000
HDFC Dividend Yield Fund-Reg(G),Gopal Agrawal,5655.6,2.29,1000000,1000000 ,1000000,1000000
Tata Business Cycle Fund-Reg(G),Rahul Singh (Tata),2667.7,4.73,975926,975926 ,975926,1245926
Canara Rob Focused Fund-Reg(G),Shridatta Bhandwaldar,2768.5,4.53,969800,969800 ,969800,969800
Parag Parikh Arbitrage Fund-Reg(G),Rajeev Thakkar,2631.7,4.75,965500,900500 ,772500,584500
Edelweiss Flexi Cap Fund-Reg(G),Trideep Bhattacharya,3483.7,3.54,952404,794855 ,794855,794855
HSBC ELSS Tax saver Fund-Reg(G),Abhishek Gupta,4080.6,3.02,951812,951812 ,951812,951812
Bandhan Large Cap Fund-Reg(G),Manish Gunwani,2060.9,5.86,933776,890095 ,899085,893629
SBI Conservative Hybrid Fund-Reg(G),Saurabh Pant,10144.7,1.17,920000,920000 ,920000,920000
ICICI Pru Nifty 100 Low Volatility 30 ETF,Nishit Patel,3409.2,3.44,905619,757055 ,778766,787870
Templeton India Value Fund(G),Ajay Argal,2053.6,5.67,900000,950000 ,950000,950000
Edelweiss Aggressive Hybrid Fund-Reg(G),Bhavesh Jain,3784.0,3.05,890965,740965 ,685019,685019
Aditya Birla SL Nifty 50 Index Fund-Reg(G),Mehul Dama,1443.0,7.97,888581,871509 ,862868,770319
HSBC Infrastructure Fund-Reg(G),Venugopal Manghat,2452.9,4.68,887400,887400 ,1007400,1007400
HDFC Innovation Fund-Reg(G),Amit Sinha,2760.4,4.12,880000,880000 ,880000,630000
Magnum Hybrid Long Short Fund-Reg(G),Gaurav Mehta,3646.6,3.11,876500,876500 ,876500,876500
Bajaj Finserv Large Cap Fund-Reg(G),Nimesh Chandan,1606.7,6.99,867750,710727 ,604846,604846
DSP Nifty Top 10 Equal Weight Index Fund-Reg(G),Anil Ghelani,1116.9,9.99,862057,819690 ,837667,832436
Bandhan Multi Cap Fund-Reg(G),Daylynn Pinto,3005.6,3.66,850000,795000 ,795000,795000
Franklin India Multi Cap Fund-Reg(G),R. Janakiraman,5029.5,2.16,841491,841491 ,841491,841491
Nippon India Nifty 50 Value 20 Index Fund-Reg(G),Jitendra Tolani,860.1,12.47,828738,0 ,0,0
Kotak ELSS Tax Saver Fund(G),Harsha Upadhyaya,6196.8,1.71,820000,820000 ,820000,820000
Nippon India Aggressive Hybrid Fund(G),Meenakshi Dawar,4013.8,2.60,806000,806000 ,806000,806000
DSP Equity Savings Fund-Reg(G),Abhishek Singh,3512.5,2.97,805500,805500 ,805500,805500
Aditya Birla SL Multi-Cap Fund-Reg(G),Abhinav Khandelwal,7029.6,1.47,800000,907984 ,1687984,1687984
Tata Aggressive Hybrid Fund-Reg(G),Satish Chandra Mishra,3792.5,2.73,800000,800000 ,800000,1450000
Axis NIFTY 50 ETF,Nandik Mallik,1277.9,7.97,787151,775252 ,773471,767501
UTI ELSS Tax Saver Fund-Reg(G),Amit Premchandani,3474.0,2.92,785000,725000 ,725000,725000
HSBC Large Cap Fund(G),Neelotpal Sahai,1814.2,5.35,750000,750000 ,750000,900000
Kotak Manufacture in India Fund-Reg(G),Harsha Upadhyaya,2803.9,3.46,750000,750000 ,750000,750000
ICICI Pru Nifty Oil & Gas ETF,Nishit Patel,293.1,33.10,749851,702984 ,633924,605361
Kotak MSCI India ETF,Satish Dondapati,1596.9,6.06,747352,740495 ,721437,708809
Canara Rob Multi Cap Fund-Reg(G),Shridatta Bhandwaldar,5500.4,1.73,735000,735000 ,735000,735000
Mirae Asset Multi Asset Allocation Fund-Reg(G),Harshad Borawake,3478.1,2.69,722678,604178 ,604178,565678
Kotak Nifty 50 Index Fund-Reg(G),Satish Dondapati,1143.5,7.97,704504,695094 ,678179,630262
Bandhan Balanced Advantage Fund-Reg(G),Manish Gunwani,2236.4,4.06,702107,708193 ,676527,541228
Tata Multicap Fund-Reg(G),Meeta Shetty,3455.4,2.62,700000,700000 ,700000,700000
ICICI Pru Retirement Fund-Pure Equity Plan(G),Sanket Gaidhani,1997.8,4.53,699489,603489 ,455773,321073
Nippon India Index Fund-BSE Sensex Plan(G),Himanshu Mange,918.4,9.62,682644,682564 ,680949,674401
DSP NIFTY 50 Index Fund-Reg(G),Anil Ghelani,1096.1,7.96,674152,668340 ,665790,596990
Tata Focused Fund-Reg(G),Anand Sharma,1760.3,4.95,672884,645748 ,645748,645748
Sundaram Balanced Advantage Fund(G),S. Bharath,1663.7,5.19,667922,682652 ,580912,577037
JM Flexicap Fund-Reg(G),Satish Ramanathan,5177.9,1.66,665000,665000 ,665000,1200000
ICICI Pru Smallcap Fund(G),Rajat Chandak,9378.8,0.91,660000,660000 ,0,0
Bandhan Aggressive Hybrid Fund-Reg(G),Prateek Poddar,2184.4,3.88,655194,562469 ,520036,514918
Franklin India Multi Asset Allocation Fund-Reg(G),R. Janakiraman,2825.7,2.98,651115,651115 ,651115,601115
Sundaram Multi Cap Fund(G),Rohit Seksaria,2914.9,2.89,650000,650000 ,650000,650000
Franklin India Balanced Advantage Fund-Reg(G),Rajasa Kakulavarapu,2819.0,2.98,648422,790000 ,790000,790000
Tata Retirement Sav Fund - Prog Plan(G),Sonam Udasi,2163.8,3.87,648000,648000 ,648000,648000
Kotak Pioneer Fund-Reg(G),Harish Bihani,3873.0,2.14,640000,640000 ,640000,640000
ICICI Pru Nifty Infrastructure ETF,Nishit Patel,417.0,19.84,639486,537651 ,537805,527546
Bajaj Finserv Large and Mid Cap Fund-Reg(G),Nimesh Chandan,2403.2,3.34,621061,554253 ,327999,327999
Axis Nifty 50 Index Fund-Reg(G),Nandik Mallik,1001.2,7.96,616252,604202 ,597758,525343
Edelweiss Large Cap Fund-Reg(G),Bharat Lahoti,1434.3,5.54,613611,613611 ,584206,584206
ICICI Pru Childrens Fund(G),Aatur Shah,1417.5,5.48,600000,900000 ,875000,0
Parag Parikh Dynamic Asset Allocation Fund-Reg(G),Rajeev Thakkar,2656.0,2.84,582000,582000 ,582000,582000
Sundaram Equity Savings Fund(G),Clyton Richard Fernandes,1044.0,7.21,581964,661365 ,667650,692731
Tata Retirement Sav Fund - Mod Plan(G),Sonam Udasi,2176.8,3.42,576000,576000 ,576000,576000
Axis Equity Savings Fund-Reg(G),Mayank Hyanki,875.0,8.51,575500,178504 ,178504,178504
Franklin India Arbitrage Fund-Reg(G),Mukesh Jain,1425.2,5.20,572500,510000 ,355000,251000
Axis Aggressive Hybrid Fund-Reg(G),Jayesh Sundar,1455.7,4.98,560203,560203 ,560203,560203
HSBC Focused Fund-Reg(G),Neelotpal Sahai,1723.4,4.20,560000,560000 ,560000,560000
Edelweiss Multi Cap Fund-Reg(G),Trideep Bhattacharya,3338.0,2.15,554327,428053 ,428053,428053
DSP Nifty Top 10 Equal Weight ETF,Anil Ghelani,717.2,9.99,553929,510107 ,515777,504053
Invesco India Balanced Advantage Fund-Reg(G),Amey Sathe,996.5,7.17,552500,295000 ,295000,295000
Mahindra Manulife Aggressive Hybrid Fund-Reg(G),Kirti Dalvi,2451.3,2.89,547000,511000 ,511000,661000
UTI Childrens Hybrid Fund,Sachin Trivedi,4388.4,1.61,546711,546711 ,546711,546711
Sundaram Value Fund-Reg(G),S. Bharath,1300.3,5.42,545000,545000 ,545000,545000
Motilal Oswal Nifty 50 Index Fund-Reg(G),Swapnil P Mayekar,883.2,7.96,543422,540578 ,534437,517782
Bandhan Infrastructure Fund-Reg(G),Vishal Biraia,1545.5,4.52,539669,536669 ,536669,513178
Kotak Aggressive Hybrid Fund-Reg(G),Atul Bhole,8961.7,0.78,539470,539470 ,539470,389470
Sundaram Flexi Cap Fund-Reg(G),S. Bharath,1990.1,3.50,538000,538000 ,602000,602000
WOC Arbitrage Fund-Reg(G),Ramesh Mantri,1595.9,4.31,532000,227000 ,189000,170500
LIC MF BSE Sensex ETF,Nikhil Kapoor,711.4,9.65,530302,529013 ,529013,530561
LIC MF Nifty 50 ETF,Nikhil Kapoor,857.7,7.98,529083,527247 ,527247,527411
WOC Multi Asset Allocation Fund-Reg(G),Ramesh Mantri,7762.6,0.86,518073,518073 ,467534,467534
Mahindra Manulife Large & Mid Cap Fund-Reg(G),Neelesh Dhamnaskar,2763.1,2.41,515000,515000 ,515000,515000
Baroda BNP Paribas Value Fund-Reg(G),Rohan Korde,1023.5,6.49,513000,513000 ,513000,513000
Bandhan Focused Fund-Reg(G),Manish Gunwani,2066.7,3.19,510082,510082 ,510082,510082
Sundaram Infra Advantage Fund(G),Siddarth Mohta,999.7,6.60,510000,510000 ,510000,510000
UTI Retirement Fund,V. Srivatsa,4698.3,1.40,508349,495849 ,495849,495849
Bajaj Finserv Arbitrage Fund-Reg(G),Ilesh Savla,1208.6,5.43,507000,0 ,0,0
Baroda BNP Paribas Multi Cap Fund-Reg(G),Paresh Jain,3339.4,1.94,500000,550000 ,550000,550000
Franklin India Aggressive Hybrid Fund(G),Rajasa Kakulavarapu,2340.2,2.76,500000,660000 ,660000,660000
Mahindra Manulife Multi Cap Fund-Reg(G),Vishal Jajoo,6926.0,0.93,500000,500000 ,500000,825000
Axis Value Fund-Reg(G),Nitin Arora,1668.2,3.87,498318,457746 ,457746,470392
Mirae Asset Balanced Advantage Fund-Reg(G),Harshad Borawake,2128.9,2.84,467084,411084 ,411084,403584
Baroda BNP Paribas Multi Asset Fund-Reg(G),Jitendra Sriram,1446.7,4.02,450000,450000 ,450000,450000
HDFC Retirement Savings Fund-Hybrid-Equity Plan-Reg(G),Srinivasan Ramamurthy,1613.5,3.61,450000,450000 ,450000,400000
Franklin India NSE Nifty 50 Index Fund(G),Shyam Sundar Sriram,723.2,7.96,445030,443481 ,456368,448821
ITI Flexi Cap Fund-Reg(G),Dhimant Shah,1412.2,4.05,442512,385623 ,385623,385630
Bandhan Nifty100 Low Volatility 30 Index Fund-Reg(G),Abhishek Jain,1660.2,3.42,438466,369169 ,373722,376042
Tata Nifty 50 ETF,Nitin Sharma,709.6,7.97,437000,435047 ,435255,435255
Bandhan Innovation Fund-Reg(G),Manish Gunwani,2391.9,2.35,433641,380393 ,380393,351401
Tata BSE Select Business Groups Index Fund-Reg(G),Nitin Sharma,241.0,23.21,432368,372285 ,373151,362813
Edelweiss Focused Fund-Reg(G),Trideep Bhattacharya,1030.2,5.43,432067,432067 ,432067,432067
Union Flexi Cap Fund-Reg(G),Sanjay Bembalkar,2375.9,2.34,430000,465000 ,465000,590000
Edelweiss Large & Mid Cap Fund-Reg(G),Sumanta Khan,4683.4,1.16,419583,419583 ,586762,757419
Mahindra Manulife Business Cycle Fund-Reg(G),Krishna Sanghavi,1336.7,4.05,418860,418860 ,418860,393860
Axis Multi Asset Allocation Fund-Reg(G),Ashish Naik,2384.1,2.27,418034,587597 ,507597,501061
Canara Rob Balanced Advantage Fund-Reg(G),Ennettee Fernandes,1125.3,4.79,417000,449000 ,449000,449000
Bajaj Finserv Balanced Advantage Fund-Reg(G),Nimesh Chandan,1238.8,4.35,416286,416286 ,275078,275078
HDFC Infrastructure Fund(G),Ashish Shah,2444.2,2.17,410000,510000 ,530000,530000
Baroda BNP Paribas Aggressive Hybrid Fund-Reg(G),Jitendra Sriram,1245.7,4.21,405000,405000 ,405000,405000
Baroda BNP Paribas Business Conglomerates Fund-Reg(G),Rohan Korde,660.3,7.85,400500,400500 ,405000,405000
Baroda BNP Paribas Energy Opportunities Fund-Reg(G),Kirtan Mehta,672.3,7.70,400000,420000 ,470000,435000
HDFC BSE Sensex ETF,Arun Agarwal,536.4,9.62,398743,399196 ,398118,393869
DSP Nifty 50 Equal Weight Index Fund-Reg(G),Anil Ghelani,2585.0,1.98,394869,338767 ,333281,324737
ICICI Pru Exports & Services Fund(G),Sankaran Naren,1397.1,3.65,394067,394067 ,394067,489482
DSP Value Fund-Reg(G),Abhishek Singh,1975.3,2.57,393000,393000 ,393000,273500
Parag Parikh Large Cap Fund-Reg(G),Rajeev Thakkar,787.7,6.45,392821,371364 ,348376,292647
Canara Rob Multi Asset Allocation Fund-Reg(G),Amit Kadam,1306.0,3.87,390600,390600 ,390600,390600
Bandhan Business Cycle Fund-Reg(G),Vishal Biraia,1208.8,4.17,389466,352193 ,342193,252429
UTI Multi Asset Allocation Fund-Reg(G),Sharwan Kumar Goyal,6890.1,0.73,386826,386826 ,387677,548289
HSBC Arbitrage Fund-Reg(G),Praveen Ayathan,2944.2,1.69,384500,416000 ,247500,364500
Canara Rob Infrastructure Fund-Reg(G),Vishal Mishra,998.1,4.97,383750,373750 ,313750,294250
Invesco India ELSS Tax Saver Fund-Reg(G),Deepesh Kashyap,2645.9,1.87,381947,415522 ,378761,378761
Mirae Asset Equity Savings Fund-Reg(G),Harshad Borawake,1983.4,2.43,371984,324984 ,309984,266484
Edelweiss Equity Savings Fund-Reg(G),Bhavesh Jain,1443.9,3.32,370751,370751 ,367751,367751
WOC Multi Cap Fund-Reg(G),Ramesh Mantri,3850.1,1.24,370209,340916 ,340916,340916
LIC MF Nifty 100 ETF,Nikhil Kapoor,730.6,6.53,368557,364494 ,364494,364494
Tata India Innovation Fund-Reg(G),Meeta Shetty,1387.1,3.42,367000,367000 ,367000,367000
Aditya Birla SL Mfg. Equity Fund-Reg(G),Dhaval Joshi,1229.4,3.86,366616,366616 ,366616,366616
Canara Rob Large and Mid Cap Fund-Reg(G),Amit Nadekar,25251.4,0.19,364161,0 ,0,0
Aditya Birla SL Infrastructure Fund(G),Jonas Bhutta,1233.6,3.80,362646,362646 ,327146,327146
Union Balanced Advantage Fund-Reg(G),Sanjay Bembalkar,1236.7,3.77,360580,360580 ,360580,360580
Baroda BNP Paribas Large & Mid Cap Fund-Reg(G),Jitendra Sriram,1794.4,2.60,360000,385000 ,385000,385000
Sundaram Arbitrage Fund(G),Rohit Seksaria,649.7,7.15,359000,186500 ,186500,186500
HSBC India Export Opportunities Fund-Reg(G),Abhishek Gupta,1200.6,3.87,358747,358747 ,358747,358747
Bank of India Mfg & Infra Fund-Reg(G),Nitin Gosar,836.5,5.51,356510,356510 ,356510,337740
Kotak Business Cycle Fund-Reg(G),Harish Bihani,3302.3,1.39,355000,355000 ,355000,355000
UTI Childrens Equity Fund(G),Sachin Trivedi,1108.9,4.10,351249,351249 ,351249,351249
Bank of India Flexi Cap Fund-Reg(G),Alok Singh,2615.0,1.73,350000,350000 ,350000,350000
HSBC Balanced Advantage Fund-Reg(G),Neelotpal Sahai,1518.1,2.98,350000,350000 ,350000,350000
Bank of India Multi Cap Fund-Reg(G),Nitin Gosar,1186.5,3.82,349946,349946 ,349946,330798
Aditya Birla SL Equity Savings Fund-Reg(G),Lovelish Solanki,1122.4,4.01,347573,322573 ,322573,354573
ICICI Pru Nifty Alpha Low - Volatility 30 ETF,Nishit Patel,1526.9,2.94,346883,370562 ,374358,373624
Sundaram ELSS Tax Saver Fund-Reg(G),S. Bharath,1280.7,3.50,346500,346500 ,395500,395500
Baroda BNP Paribas Manufacturing Fund-Reg(G),Kushant Arora,858.0,5.19,344000,344000 ,344000,344000
UTI Multi Cap Fund-Reg(G),Karthikraj Lakshmanan,2041.5,2.15,340000,340000 ,340000,340000
ITI Multi Cap Fund-Reg(G),Dhimant Shah,1470.5,2.95,334987,310717 ,310717,320722
WOC Balanced Advantage Fund-Reg(G),Ramesh Mantri,2201.7,1.96,333079,333079 ,325390,325390
Baroda BNP Paribas Dividend Yield Fund-Reg(G),Himanshu Singh,613.2,7.03,333000,342000 ,342000,342000
WOC Large & Mid Cap Fund-Reg(G),Ramesh Mantri,2325.5,1.84,331521,331521 ,331521,331521
Aditya Birla SL Bal Bhavishya Yojna-Reg(G),Harshil Suvarnkar,1208.2,3.55,331076,331076 ,331076,331076
Axis Childrens Fund-No Lock in-Reg(G),Jayesh Sundar,892.2,4.74,326730,326730 ,326730,326730
Axis Childrens Fund-Compulsory Lock in-Reg(G),Jayesh Sundar,892.2,4.74,326730,326730 ,326730,326730
Axis Business Cycles Fund-Reg(G),Ashish Naik,2088.6,2.01,324612,353445 ,353445,353445
Bajaj Finserv Multi Asset Allocation Fund-Reg(G),Anup Kulkarni,1875.4,2.22,322162,322162 ,322162,322162
Tata Resources & Energy Fund-Reg(G),Satish Chandra Mishra,1361.2,3.04,320000,200000 ,200000,300000
TRUSTMF Flexi Cap Fund-Reg(G),Mihir Vora,976.2,4.23,319019,250922 ,406510,445057
DSP Business Cycle Fund-Reg(G),Anish Tawakley,1268.3,3.18,311423,288284 ,0,0
Nippon India Equity Savings Fund(G),Sushil Budhia,834.6,4.76,307000,307000 ,307000,307000
WOC Large Cap Fund-Reg(G),Ramesh Mantri,1210.1,3.26,304907,277832 ,277832,277832
Altiva Hybrid Long-Short Fund-Reg(G),Bhavesh Jain,5545.0,0.70,301000,299000 ,198500,250000
Nippon India Nifty Alpha Low Volatility 30 Index Fund(G),Jitendra Tolani,1282.9,2.94,291709,325426 ,331922,327033
Axis ESG Integration Strategy Fund-Reg(G),Vishal Agarwal,1077.2,3.49,290740,290740 ,290740,290740
Axis Retirement Fund-Aggressive Plan-Reg(G),Jayesh Sundar,704.4,5.32,289513,289513 ,289513,289513
Nippon India ETF Nifty Infrastructure BeES,Jitendra Tolani,187.6,19.81,287292,244875 ,248691,244875
Tata BSE Sensex Index Fund-Reg(G),Nitin Sharma,384.7,9.63,286388,285371 ,285920,283988
Canara Rob Manufacturing Fund-Reg(G),Pranav Gokhale,1689.2,2.16,282200,282200 ,282200,282200
Mahindra Manulife Large Cap Fund-Reg(G),Kirti Dalvi,699.8,5.01,271000,271000 ,271000,366000
WOC Special Opp Fund-Reg(G),Ramesh Mantri,1721.1,2.01,267949,181788 ,181788,496781
PGIM India Balanced Advantage Fund-Reg(G),Utsav Mehta,770.5,4.49,267612,267612 ,302222,310622
HDFC NIFTY50 Equal Weight Index Fund-Reg(G),Arun Agarwal,1747.3,1.98,266856,230339 ,229211,224834
SBI Nifty 500 Index Fund-Reg(G),Viral Chhadva,775.7,4.45,266824,264806 ,264640,270467
Quant Arbitrage Fund-Reg(G),Sameer Kate,553.4,6.09,260500,130500 ,30500,30500
Baroda BNP Paribas Flexi Cap Fund-Reg(G),Jitendra Sriram,1239.4,2.71,260000,280000 ,280000,280000
HSBC Business Cycles Fund-Reg(G),Gautam Bhupal,1182.7,2.81,256700,256700 ,401700,401700
HDFC Hybrid Debt Fund(G),Anupam Joshi,3264.6,0.99,250000,250000 ,250000,250000
iSIF Hybrid Long-Short Fund-Reg(G),Rajat Chandak,927.4,3.48,249704,217204 ,143204,143204
Taurus Ethical Fund-Reg(G),Anuj Kapil,406.3,7.92,248530,223480 ,223480,181530
Kotak Active Momentum Fund-Reg(G),Rohit Tandon,1488.4,2.13,245398,186164 ,0,0
Edelweiss Multi Asset Allocation Fund-Reg(G),Bhavesh Jain,2863.1,1.10,244500,204500 ,254500,380500
Sundaram Multi-Factor Fund-Reg(G),Rohit Seksaria,917.2,3.42,242566,286311 ,286311,290835
Mirae Asset Nifty Energy ETF,Ekta Gala,317.2,9.89,242466,225706 ,190966,167003
Mahindra Manulife Manufacturing Fund-Reg(G),Renjith Sivaram,677.3,4.60,241000,241000 ,241000,241000
Helios Large & Mid Cap Fund-Reg(G),Alok Bahl,1303.8,2.39,240997,194997 ,194997,250420
Baroda BNP Paribas ELSS Tax Saver Fund-Reg(G),Silky Jain,896.5,3.46,240000,281800 ,281800,281800
Mirae Asset Small Cap Fund-Reg(G),Varun Goel,4842.2,0.64,238577,238577 ,238577,238577
HSBC Nifty 50 Index Fund-Reg(G),Praveen Ayathan,384.4,7.98,237149,233016 ,228714,232339
Union ELSS Tax Saver Fund(G),Vinod Malviya,856.8,3.52,233000,233000 ,233000,258000
Mahindra Manulife Flexi Cap Fund-Reg(G),Neelesh Dhamnaskar,1559.4,1.91,230000,230000 ,365000,455000
HDFC NIFTY 100 Index Fund-Reg(G),Arun Agarwal,448.4,6.51,225506,217552 ,212545,203648
Bank of India ELSS Tax Saver-Reg(G),Alok Singh,1406.1,2.07,225000,225000 ,225000,225000
PGIM India Large and Mid Cap Fund(G),Vinay Paharia,807.2,3.60,224891,224891 ,224891,224891
SBI BSE Sensex Index Fund-Reg(G),Viral Chhadva,302.3,9.61,224535,234878 ,232972,224433
HSBC Aggressive Hybrid Fund-Reg(G),Gautam Bhupal,5660.3,0.51,224300,224300 ,224300,224300
Kotak Nifty Commodities Index Fund-Reg(G),Satish Dondapati,289.6,9.99,223713,189013 ,187352,184315
LIC MF Nifty 50 Index Fund(G),Nikhil Kapoor,360.5,7.99,222515,221418 ,221418,220391
Motilal Oswal Manufacturing Fund-Reg(G),Ajay Khandelwal,688.0,4.16,221395,119582 ,119582,284732
Bank of India Large & Mid Cap Fund-Reg(G),Nitin Gosar,491.1,5.75,218112,218112 ,218112,209714
Mahindra Manulife ELSS Tax Saver Fund-Reg(G),Neelesh Dhamnaskar,884.2,3.18,217500,217500 ,217500,287500
Franklin India Multi-Factor Fund(G),Arihant Jain,580.6,4.63,207552,215550 ,199605,182600
DSP Nifty 50 Equal Weight ETF,Anil Ghelani,1358.5,1.97,207335,181024 ,167162,152130
Baroda BNP Paribas Business Cycle Fund-Reg(G),Rohan Korde,560.6,4.78,207000,207000 ,207000,207000
LIC MF Large Cap Fund-Reg(G),Sumit Bhatnagar,1362.5,1.95,205678,515284 ,657318,657318
ITI Focused Fund-Reg(G),Dhimant Shah,596.8,4.42,204017,186152 ,189623,198269
Mahindra Manulife Multi Asset Allocation Fund-Reg(G),Renjith Sivaram,1151.6,2.29,203820,203820 ,203820,181820
Union Multi Asset Allocation Fund-Reg(G),Sanjay Bembalkar,978.4,2.69,203073,262073 ,262073,262073
Axis Momentum Fund-Reg(G),Nandik Mallik,958.3,2.70,200000,178770 ,258270,0
Aditya Birla SL BSE Sensex ETF,Mehul Dama,268.2,9.62,199324,199539 ,198918,198916
Kotak Debt Hybrid Fund(G),Shibani Kurian,2882.2,0.88,196400,196400 ,196400,196400
ICICI Pru Regular Savings Fund-Reg(G),Manish Banthia,3347.8,0.75,193161,193161 ,193161,252757
ICICI Pru Retirement Fund-Hybrid Aggressive Plan(G),Manasvi Shah,1240.0,2.01,193058,193058 ,85128,0
Union Large & Midcap Fund-Reg(G),Vinod Malviya,965.2,2.58,192630,192630 ,192630,222630
ICICI Pru ESG Exclusionary Strategy Fund(G),Mittul Kalawadia,1342.0,1.85,192145,192145 ,192145,192145
Mirae Asset Arbitrage Fund-Reg(G),Jignesh Rao,3737.5,0.66,192000,211500 ,119000,78500
Invesco India Multi Asset Allocation Fund-Reg(G),Taher Badshah,1127.2,2.18,189734,167677 ,167677,159775
PGIM India ELSS Tax Saver Fund-Reg(G),Sharma Vivek,713.3,3.42,188731,188731 ,255931,255931
PGIM India Large Cap Fund(G),Anandha Padmanabhan Anjeneyan,539.5,4.47,186463,221083 ,221083,270524
Union Largecap Fund-Reg(G),Pratik Dharmshi,436.7,5.48,185000,185000 ,185000,180000
SBI Comma Fund-Reg(G),Dinesh Balachandran,1150.2,2.06,182732,182732 ,362732,362732
Edelweiss Nifty 50 Index Fund-Reg(G),Bhavesh Jain,295.2,7.98,182127,180044 ,175635,164022
Nippon India ETF Nifty 100,Himanshu Mange,348.1,6.51,175128,174290 ,173632,165828
ICICI Pru Nifty50 Value 20 ETF,Nishit Patel,176.6,12.46,170044,0 ,0,0
Mahindra Manulife Value Fund-Reg(G),Krishna Sanghavi,892.6,2.46,170000,170000 ,170000,135000
ITI Small Cap Fund-Reg(G),Dhimant Shah,3321.8,0.66,169558,169558 ,169558,180815
Mahindra Manulife Balanced Advantage Fund-Reg(G),Neelesh Dhamnaskar,903.9,2.36,165000,165000 ,165000,165000
Union Multicap Fund-Reg(G),Harshad Patwardhan,1420.1,1.48,162364,162364 ,162364,255990
SBI Nifty50 Equal Weight Index Fund-Reg(G),Viral Chhadva,1050.9,1.98,160519,137871 ,137918,137535
Mahindra Manulife Equity Savings Fund-Reg(G),Renjith Sivaram,530.5,3.90,159820,64320 ,64320,57320
ITI Large Cap Fund-Reg(G),Alok Ranjan,370.3,5.57,159525,159525 ,159525,244188
Edelweiss ELSS Tax saver Fund-Reg(G),Ashwani Agarwalla,442.5,4.53,154769,154769 ,154769,154769
LIC MF ELSS Tax Saver-Reg(G),Sumit Bhatnagar,1012.9,1.97,154364,154364 ,154364,154364
iSIF Active Asset Allocator Long-Short Fund-Reg(G),Sharmila Dmello,607.4,3.27,153500,0 ,0,0
HSBC Large & Mid Cap Fund-Reg(G),Cheenu Gupta,5343.7,0.37,153235,153235 ,153235,1724076
Unifi Dynamic Asset Allocation Fund-Reg(G),Saravanan V N,1290.1,1.52,151500,111500 ,72000,16000
Kotak Energy Opportunities Fund-Reg(G),Mandar Pawar,273.5,7.10,150000,100000 ,100000,180000
DSP Nifty 50 ETF,Anil Ghelani,235.7,7.96,145025,167773 ,165919,133327
UTI BSE Sensex Index Fund-Reg(G),Sharwan Kumar Goyal,194.0,9.62,144208,144453 ,148257,146018
Tata Dividend Yield Fund-Reg(G),Sailesh Jain,1097.6,1.70,144000,144000 ,144000,144000
Nippon India ETF Nifty 50 Value 20,Jitendra Tolani,149.7,12.42,143653,0 ,0,0
Diviniti Equity Long Short Fund-Reg(G),Vasav Sahgal,333.8,5.56,143334,143334 ,143334,143334
Invesco India Aggressive Hybrid Fund-Reg(G),Hiten Jain,777.4,2.25,135000,125000 ,125000,100000
Franklin India Equity Savings Fund(G),Rajasa Kakulavarapu,618.9,2.81,134500,220000 ,220000,220000
JM Aggressive Hybrid Fund-Reg(G),Asit Bhandarkar,692.1,2.49,133000,133000 ,133000,121000
iSIF Equity Long-Short Fund-Reg(G),Mittul Kalawadia,274.4,6.13,130046,0 ,0,0
Tata Childrens Fund-Reg(G),Rahul Singh (Tata),334.5,5.03,130000,130000 ,130000,130000
ICICI Pru BSE 500 ETF,Nishit Patel,356.4,4.52,124410,125975 ,126001,122734
HDFC Nifty500 Multicap 50:25:25 Index Fund-Reg(G),Arun Agarwal,486.6,3.26,122633,119013 ,111665,108552
Bandhan Nifty 100 Index Fund-Reg(G),Abhishek Jain,244.0,6.49,122424,120344 ,117195,113721
Union Aggressive Hybrid Fund-Reg(G),Sanjay Bembalkar,736.9,2.12,121000,121000 ,121000,141000
Bajaj Finserv Multi Cap Fund-Reg(G),Nimesh Chandan,1429.4,1.09,120109,120109 ,80109,80109
ICICI Pru Quality Fund-Reg(G),Masoomi Jhurmarvala,2157.3,0.72,120000,0 ,0,124000
Groww Nifty Total Market Index Fund-Reg(G),Aakash Chauhan,362.7,4.27,119650,118357 ,117505,114895
Invesco India Equity Savings Fund-Reg(G),Amey Sathe,294.4,5.25,119500,25000 ,25000,25000
Union Value Fund-Reg(G),Vinod Malviya,393.6,3.92,119400,119400 ,113400,125900
Bajaj Finserv Nifty 50 ETF,Ilesh Savla,192.7,7.96,118593,105495 ,105489,105456
Axis Retirement Fund-Dynamic Plan-Reg(G),Jayesh Sundar,282.8,5.33,116616,116616 ,116616,116616
Edelweiss Business Cycle Fund-Reg(G),Bhavesh Jain,1477.9,1.02,116491,116491 ,116491,116491
Franklin Asian Equity Fund(G),Shyam Sundar Sriram,979.2,1.53,116002,116002 ,56852,56852
ITI Balanced Advantage Fund-Reg(G),Nilay Dalal,355.1,4.22,115797,115797 ,115797,115797
HDFC Nifty LargeMidcap 250 Index Fund-Reg(G),Arun Agarwal,447.2,3.26,112621,107376 ,107040,103965
UTI BSE Low Volatility Index Fund-Reg(G),Sharwan Kumar Goyal,479.2,2.97,110014,112679 ,114244,115144
Sundaram Dividend Yield Fund(G),Siddarth Mohta,819.5,1.74,110000,110000 ,110000,110000
HDFC BSE 500 Index Fund-Reg(G),Arun Agarwal,300.3,4.70,109115,101323 ,101756,98251
JM Arbitrage Fund(G),Asit Bhandarkar,382.5,3.65,108000,66500 ,70500,43000
ITI Value Fund-Reg(G),Nilay Dalal,359.5,3.87,107578,107578 ,107578,107578
Aditya Birla SL Special Opp Fund-Reg(G),Dhaval Gala,1165.7,1.19,107332,107332 ,107332,107332
Axis Nifty 500 Index Fund-Reg(G),Nandik Mallik,310.0,4.45,106681,104478 ,104944,99719
UTI Equity Savings Fund-Reg(G),V. Srivatsa,853.0,1.57,103414,109503 ,109503,114067
ICICI Pru Nifty Commodities ETF,Nishit Patel,132.7,9.98,102350,86833 ,85497,78215
Motilal Oswal Nifty 500 ETF,Swapnil P Mayekar,296.5,4.45,102013,95201 ,95196,88796
TRUSTMF Multi Cap Fund-Reg(G),Mihir Vora,603.1,2.16,100879,85695 ,106339,124866
JM Large Cap Fund-Reg(G),Deepak Gupta.,409.1,3.18,100700,180700 ,180700,180700
Bandhan Equity Savings Fund-Reg(G),Kapil Kankonkar,401.0,3.24,100431,100400 ,102763,102763
HSBC Equity Savings Fund-Reg(G),Cheenu Gupta,1126.8,1.10,96000,96000 ,21500,228000
Mirae Asset Nifty India Manufacturing ETF,Ekta Gala,252.3,4.92,95886,81180 ,80421,81910
Navi ELSS Tax Saver Nifty 50 Index Fund-Reg(G),Ashutosh Shirwaikar,154.9,7.98,95522,95234 ,95534,66688
ICICI Pru Nifty50 Value 20 Index Fund-Reg(G),Nishit Patel,98.7,12.47,95131,0 ,0,0
WOC ELSS Tax Saver Fund-Reg(G),Ramesh Mantri,473.6,2.58,94470,90904 ,90904,90904
Axis BSE Sensex ETF,Nandik Mallik,126.9,9.62,94325,94432 ,94403,94455
ITI Large & Mid Cap Fund-Reg(G),Alok Ranjan,743.9,1.60,91752,148478 ,148478,148478
Groww Multi Asset Allocation Fund-Reg(G),Paras Matalia,403.5,2.93,91284,91284 ,91284,97201
LIC MF Arbitrage Fund-Reg(G),Sumit Bhatnagar,243.1,4.84,91000,95000 ,80000,80000
Taurus Flexi Cap Fund-Reg(G),Anuj Kapil,348.8,3.36,90506,80506 ,80506,52556
SBI Quant Fund-Reg(G),Sukanya Ghosh,3001.4,0.39,89633,150269 ,150872,266945
PGIM India Multi Cap Fund-Reg(G),Sharma Vivek,430.9,2.69,89466,89466 ,89466,89466
HSBC Multi Asset Allocation Fund-Reg(G),Cheenu Gupta,3040.5,0.38,88574,88574 ,305599,1511980
Union Business Cycle Fund-Reg(G),Harshad Patwardhan,520.0,2.16,86883,86883 ,86883,141645
Groww Nifty EV & New Age Automotive ETF,Aakash Chauhan,281.0,3.94,85571,69678 ,68927,67660
UTI Conservative Hybrid Fund-Reg(G),Amit Premchandani,1660.7,0.66,85000,80000 ,80000,80000
Bank of India Business Cycle Fund-Reg(G),Alok Singh,463.1,2.35,84000,84000 ,84000,84000
Edelweiss NIFTY Large Mid Cap 250 Index Fund-Reg(G),Bhavesh Jain,331.1,3.26,83359,78642 ,77535,75593
Tata Nifty500 Multicap India Manufacturing 50:30:20 Index Fund-Reg(G),Nitin Sharma,127.0,8.25,80989,80472 ,80421,81991
ICICI Pru Nifty 100 ETF,Nishit Patel,158.4,6.51,79737,79117 ,79821,78470
Zerodha Nifty 100 ETF,Kedarnath Mirajkar,157.4,6.51,79220,78215 ,76480,71313
JM Large & Mid Cap Fund-Reg(G),Asit Bhandarkar,435.4,2.34,78900,103900 ,103900,96400
Aditya Birla SL Nifty 50 Equal Weight Index Fund-Reg(G),Mehul Dama,497.7,1.98,76010,63829 ,61601,57145
Mirae Asset Nifty 100 ESG Sector Leaders ETF,Ekta Gala,99.7,9.83,75713,66688 ,66345,68749
Kotak Nifty 50 Value 20 ETF,Satish Dondapati,78.4,12.46,75531,0 ,0,0
Aditya Birla SL Regular Savings Fund(G),Mohit Sharma,1490.3,0.65,75000,75000 ,75000,75000
LIC MF Aggressive Hybrid Fund(G),Manoj Bajpai,528.2,1.83,74686,74686 ,74686,74686
Bandhan Retirement Fund-Reg(G),Vishal Biraia,182.8,5.12,72306,72306 ,72306,72306
Baroda BNP Paribas ESG Best-in-class Strategy Fund-Reg(G),Rohan Korde,623.9,1.49,72000,72000 ,72000,72000
HDFC BSE India Sector Leaders Index Fund-Reg(G),Arun Agarwal,186.3,4.96,71351,65082 ,65472,65082
Old Bridge Arbitrage Fund-Reg(G),Kenneth Andrade,188.5,4.87,71000,0 ,0,0
ICICI Pru Nifty LargeMidcap 250 Index Fund-Reg(G),Nishit Patel,279.6,3.26,70406,65677 ,64214,62712
Motilal Oswal Contra Fund-Reg(G),Ankit Agarwal,315.8,2.88,70308,21878 ,0,0
Baroda BNP Paribas Equity Savings Fund-Reg(G),Jitendra Sriram,278.5,3.21,68980,45480 ,45480,45480
Motilal Oswal Infrastructure Fund-Reg(G),Ajay Khandelwal,145.9,6.09,68633,68633 ,98173,80173
LIC MF BSE Sensex Index Fund-Reg(G),Nikhil Kapoor,90.5,9.64,67436,67436 ,67707,67455
HDFC Retirement Savings Fund-Hybrid-Debt Plan-Reg(G),Srinivasan Ramamurthy,149.7,5.75,66500,66500 ,66500,66500
Shriram Multi Sector Rotation Fund-Reg(G),Prateek Nigudkar,172.2,4.77,63410,63410 ,63410,0
Baroda BNP Paribas Arbitrage Fund-Reg(G),Neeraj Saxena,1146.8,0.71,63000,0 ,0,0
Nippon India Conservative Hybrid Fund(G),Sushil Budhia,967.5,0.84,62676,62676 ,62676,62676
Unifi Flexi Cap Fund-Reg(G),Saravanan V N,199.9,4.01,62000,59000 ,59000,59000
Bank of India Large Cap Fund-Reg(G),Alok Singh,220.4,3.58,61000,61000 ,61000,55000
Kotak Nifty 100 Low Volatility 30 ETF,Devender Singhal,227.5,3.44,60421,43671 ,40843,38922
Kotak Dividend Yield Fund-Reg(G),Shibani Kurian,235.5,3.31,60200,60200 ,60200,60200
Franklin India Retirement Fund(G),Anuj Tagra,495.8,1.57,60000,70000 ,70000,70000
Union Arbitrage Fund-Reg(G),Vishal Thakker,245.9,3.13,59500,59500 ,59500,59500
Motilal Oswal Nifty Energy ETF,Swapnil P Mayekar,77.8,9.89,59453,55281 ,44694,40320
HDFC NIFTY100 Low Volatility 30 Index Fund-Reg(G),Arun Agarwal,222.0,3.44,58952,52271 ,53394,53526
UTI Quant Fund-Reg(G),Sharwan Kumar Goyal,1546.9,0.48,57897,57897 ,57897,58404
360 ONE Balanced Hybrid Fund-Reg(G),Mayur Patel,743.0,0.98,56448,56448 ,56448,56448
Altiva Equity Ex-Top 100 Long-Short Fund-Reg(G),Nikhil Gada,440.4,1.66,56409,0 ,0,0
Invesco India Nifty 50 ETF,Abhisek Bahinipati,91.4,7.96,56273,56134 ,56134,56175
PGIM India Aggressive Hybrid Equity Fund(G),Sharma Vivek,205.4,3.51,55736,55736 ,55736,55736
Mirae Asset Infrastructure Fund-Reg(G),Bharti Sawant,446.6,1.57,54250,54250 ,54250,50000
Shriram Multi Asset Allocation Fund-Reg(G),Prateek Nigudkar,139.4,5.02,54031,44339 ,44339,43819
JM ELSS Tax Saver Fund(G),Deepak Gupta.,232.4,2.97,53400,53400 ,53400,53400
Mirae Asset Nifty EV and New Age Automotive ETF,Ekta Gala,173.6,3.93,52778,42204 ,41165,40231
Bank of India Balanced Advantage Fund-Reg(G),Alok Singh,169.8,4.01,52573,52573 ,52573,52573
Helios Balanced Advantage Fund-Reg(G),Alok Bahl,290.9,2.33,52408,128408 ,128408,129461
Tata Nifty500 Multicap Infrastructure 50:30:20 Index Fund-Reg(G),Nitin Sharma,72.9,9.03,50841,52510 ,46414,46716
Baroda BNP Paribas Retirement Fund-Reg(G),Silky Jain,395.5,1.64,50000,81900 ,81900,81900
Shriram Flexi Cap Fund-Reg(G),Prateek Nigudkar,132.5,4.79,49060,49060 ,49060,29950
Motilal Oswal Nifty 50 ETF,Swapnil P Mayekar,77.9,7.97,47989,34835 ,34447,34465
LIC MF ULIS,Dikshit Mittal,441.0,1.40,47826,47826 ,47826,47826
PGIM India Arbitrage Fund-Reg(G),Chetan Chavan,94.3,6.52,47500,0 ,0,0
The Wealth Company Flexi Cap Fund-Reg(G),Aparna Shanker,240.5,2.42,44978,59978 ,41478,41478
Mirae Asset Nifty 50 Index Fund-Reg(G),Ekta Gala,72.3,7.98,44549,36383 ,37499,33907
Mahindra Manulife Innovation Opportunities Fund-Reg(G),Kirti Dalvi,205.5,2.78,44175,44175 ,44175,44175
Navi Flexi Cap Fund-Reg(G),Ashutosh Shirwaikar,280.7,1.98,43000,43000 ,43000,43000
Bajaj Finserv ELSS Tax Saver Fund-Reg(G),Nimesh Chandan,87.4,6.32,42691,35509 ,35509,35509
360 ONE ELSS Tax Saver Nifty 50 Index Fund-Reg(G),Viral Mehta,68.9,7.96,42375,42375 ,42685,43158
Axis BSE Sensex Index Fund-Reg(G),Nandik Mallik,54.5,9.62,40471,39099 ,38642,47530
Union Retirement Fund-Reg(G),Pratik Dharmshi,206.3,2.51,40000,40000 ,36500,36500
WOC Aggressive Hybrid Fund-Reg(G),Ramesh Mantri,311.6,1.66,39961,0 ,0,0
Navi Large & Midcap Fund-Reg(G),Ashutosh Shirwaikar,310.1,1.65,39600,39600 ,39600,39600
Quantum Nifty 50 ETF,Hitendra Parekh,62.7,7.99,38716,38534 ,38346,49636
HDFC NIFTY 100 Equal Weight Index Fund-Reg(G),Arun Agarwal,505.1,0.99,38646,29748 ,27993,27343
ICICI Pru Nifty50 Equal Weight Index Fund-Reg(G),Nishit Patel,250.6,1.98,38305,32957 ,31992,30988
Edelweiss Nifty LargeMidcap 250 ETF,Bhavesh Jain,152.0,3.26,38258,37183 ,32911,32162
Zerodha Nifty 50 ETF,Kedarnath Mirajkar,61.5,7.96,37877,38489 ,35307,34143
ICICI Pru Quant Fund(G),Roshan Chutkey,150.3,3.26,37842,0 ,0,0
PGIM India Multi Asset Allocation Fund-Reg(G),Utsav Mehta,281.0,1.73,37661,37661 ,37661,37661
ITI Bharat Consumption Fund-Reg(G),Animesh Singh,357.4,1.31,36143,36143 ,31046,31046
HDFC Nifty Top 20 Equal Weight Index Fund-Reg(G),Arun Agarwal,90.7,4.95,34702,29414 ,28563,27268
HDFC NIFTY50 Value 20 ETF,Arun Agarwal,35.6,12.47,34308,0 ,0,0
Baroda BNP Paribas Nifty 50 Index Fund-Reg(G),Neeraj Saxena,54.6,7.95,33579,34497 ,34643,35926
WOC Balanced Hybrid Fund-Reg(G),Ramesh Mantri,291.8,1.48,33289,33289 ,31340,29943
Mirae Asset BSE Sensex ETF,Ekta Gala,44.5,9.62,33055,31918 ,31911,31911
Nippon India Quant Fund(G),Shirish Guthe,114.8,3.72,33000,48000 ,48000,48000
Axis Conservative Hybrid Fund-Reg(G),Devang Shah,220.7,1.89,32282,32282 ,32282,32282
Kotak Nifty Top 10 Equal Weight Index Fund-Reg(G),Satish Dondapati,40.7,10.00,31429,26923 ,26514,26713
ICICI Pru Nifty 500 Index Fund-Reg(G),Nishit Patel,90.9,4.44,31222,30980 ,29781,26205
Groww Arbitrage Fund-Reg(G),Paras Matalia,92.6,4.33,31000,0 ,0,0
PGIM India Equity Savings Fund(G),Anandha Padmanabhan Anjeneyan,60.2,6.51,30280,7780 ,7780,8045
Kotak NIFTY 100 Low Volatility 30 Index Fund-Reg(G),Satish Dondapati,113.1,3.45,30161,27211 ,26862,28066
Baroda BNP Paribas Childrens Fund-Reg(G),Silky Jain,121.3,3.20,30000,31500 ,31500,31500
Navi Nifty India Manufacturing Index Fund-Reg(G),Ashutosh Shirwaikar,78.4,4.91,29753,24373 ,24652,24274
Aditya Birla SL Retirement Fund-30-Reg(G),Jonas Bhutta,463.6,0.79,28264,28264 ,28264,28264
PGIM India Retirement Fund-Reg(G),Vinay Paharia,103.2,3.48,27761,27761 ,27761,27761
Mahindra Manulife Arbitrage Fund-Reg(G),Mitul Doshi,126.4,2.82,27500,0 ,0,0
Mirae Asset Nifty50 Equal Weight ETF,Ekta Gala,175.7,1.98,26835,22950 ,19556,19364
Union Equity Savings Fund-Reg(G),Sanjay Bembalkar,141.5,2.43,26600,38198 ,38198,38198
The Wealth Company Multi Asset Allocation Fund-Reg(G),Aparna Shanker,188.0,1.83,26557,26557 ,20857,20857
TRUSTMF Arbitrage Fund-Reg(G),Mihir Vora,123.3,2.78,26500,20000 ,26000,9000
Aditya Birla SL Retirement Fund-40-Reg(G),Harshil Suvarnkar,113.2,3.01,26304,26304 ,26304,26304
ITI Business Cycle Fund-Reg(G),Nilay Dalal,113.6,2.73,23934,23934 ,23934,28568
Bajaj Finserv Nifty 50 Index Fund-Reg(G),Ilesh Savla,38.4,7.97,23686,23447 ,23401,23222
Canara Rob Conservative Hybrid Fund-Reg(G),Avnish Jain,868.3,0.34,23100,23100 ,23100,23100
Helios Arbitrage Fund-Reg(G),Alok Bahl,146.1,2.04,23000,23000 ,10500,0
HDFC Nifty 100 ETF,Arun Agarwal,45.5,6.52,22897,22696 ,22691,23089
UTI NIFTY50 Equal Weight Index Fund-Reg(G),Sharwan Kumar Goyal,147.8,1.98,22584,18813 ,18033,17348
Taurus ELSS Tax Saver Fund-Reg(G),Anuj Kapil,70.4,4.15,22574,22574 ,9655,0
Groww Value Fund-Reg(G),Anupam Tiwari,70.8,4.08,22322,22322 ,18637,18637
Navi Aggressive Hybrid Fund-Reg(G),Ashutosh Shirwaikar,114.1,2.50,22023,22023 ,22023,22023
Union Childrens Fund-Reg(G),Gaurav Chopra,89.8,3.14,21802,21802 ,21802,21802
Edelweiss Nifty Alpha Low Volatility 30 Index Fund-Reg(G),Bhavesh Jain,95.4,2.95,21759,24001 ,24160,26366
Mirae Asset Nifty500 Multicap 50:25:25 ETF,Ekta Gala,85.0,3.26,21383,21209 ,20322,19608
Bandhan Nifty Total Market Index Fund-Reg(G),Abhishek Jain,63.6,4.27,20991,15183 ,14054,13655
Groww Nifty 50 ETF,Aakash Chauhan,33.3,7.97,20478,19814 ,18896,16949
Motilal Oswal BSE 1000 Index Fund-Reg(G),Swapnil P Mayekar,62.4,4.23,20407,20491 ,20289,19540
Angel One Nifty 50 Index Fund-Reg(G),Mehul Dama,33.0,7.97,20341,20150 ,19525,18851
Groww ELSS Tax Saver Fund-Reg(G),Paras Matalia,50.6,5.19,20309,20624 ,20279,20279
Angel One Nifty Total Market Index Fund-Reg(G),Mehul Dama,60.5,4.26,19897,19591 ,19379,18845
Motilal Oswal Nifty 50 Equal Weight ETF,Swapnil P Mayekar,129.6,1.98,19789,17025 ,17021,16954
Motilal Oswal BSE Low Volatility Index Fund-Reg(G),Swapnil P Mayekar,85.9,2.96,19642,20266 ,21150,23099
Quant Equity Savings Fund-Reg(G),Sanjeev Sharma,51.9,4.87,19500,0 ,14000,14000
ICICI Pru Nifty EV & New Age Automotive ETF,Nishit Patel,62.8,3.94,19122,14969 ,14153,12750
Franklin India Conservative Hybrid Fund(G),Rohan Maru,193.6,1.27,19000,19000 ,19000,19000
Motilal Oswal BSE Low Volatility ETF,Swapnil P Mayekar,80.0,2.97,18369,14811 ,15445,15636
Shriram ELSS Tax Saver Fund-Reg(G),Prateek Nigudkar,47.0,5.03,18250,18250 ,18250,10720
Kotak BSE Sensex ETF,Satish Dondapati,24.5,9.62,18191,18205 ,18200,18204
Nippon India Retirement Fund-Income Generation(G),Pranay Sinha,144.4,1.61,18000,18000 ,18000,18000
Bank of India Multi Asset Allocation Fund-Reg(G),Mithraem Bharucha,364.7,0.62,17500,17500 ,17500,10000
Shriram Balanced Advantage Fund-Reg(G),Prateek Nigudkar,42.9,5.21,17269,16665 ,16665,16665
Taurus Large Cap Fund-Reg(G),Anuj Kapil,51.9,4.27,17135,17135 ,13541,11541
HDFC BSE 500 ETF,Arun Agarwal,49.1,4.52,17132,8150 ,8151,8132
Shriram Aggressive Hybrid Fund-Reg(G),Prateek Nigudkar,49.8,4.44,17093,13659 ,13659,13479
Kotak BSE Sensex Index Fund-Reg(G),Satish Dondapati,22.9,9.63,17006,15920 ,15061,12119
Axis Retirement Fund-Conservative Plan-Reg(G),Jayesh Sundar,47.8,4.58,16918,16918 ,16918,16918
Mirae Asset Nifty Total Market Index Fund-Reg(G),Ekta Gala,51.2,4.26,16838,16753 ,16763,16537
UTI Nifty Alpha Low-Volatility 30 Index Fund-Reg(G),Sharwan Kumar Goyal,73.5,2.94,16681,18318 ,18631,18639
Tata Retirement Sav Fund - Cons Plan(G),Sonam Udasi,168.0,1.25,16200,16200 ,16200,16200
Groww Nifty 50 Index Fund-Reg(G),Aakash Chauhan,25.7,7.96,15844,14390 ,13794,12944
SBI Nifty100 Low Volatility 30 Index Fund-Reg(G),Viral Chhadva,59.5,3.43,15796,13391 ,13520,13398
ICICI Pru LT Wealth Enhancement Fund(G),Rajat Chandak,38.2,5.07,14956,14956 ,14956,14956
Nippon India Nifty India Manufacturing Index Fund-Reg(G),Himanshu Mange,38.8,4.91,14695,11995 ,12294,11718
Navi BSE Sensex Index Fund-Reg(G),Ashutosh Shirwaikar,19.3,9.61,14324,14649 ,14590,14391
SBI Equity Minimum Variance Fund-Reg(G),Sukanya Ghosh,209.3,0.88,14166,14166 ,14166,13605
Angel One Nifty Total Market ETF,Mehul Dama,42.8,4.26,14092,14043 ,14043,14054
Bandhan Nifty 50 ETF,Abhishek Jain,22.2,7.97,13665,13626 ,13626,13632
Angel One Nifty 50 ETF,Mehul Dama,22.0,7.96,13554,13523 ,13342,12442
ICICI Pru Nifty Top 15 Equal Weight Index Fund-Reg(G),Nishit Patel,26.5,6.60,13499,11811 ,11545,11263
Groww Aggressive Hybrid Fund-Reg(G),Paras Matalia,51.0,3.37,13281,13514 ,12623,10148
Invesco India BSE Sensex Index Fund-Reg(G),Abhisek Bahinipati,17.1,9.56,12669,12864 ,0,0
Mirae Asset Nifty 100 Low Volatility 30 ETF,Ekta Gala,46.7,3.44,12407,10332 ,10330,10330
Axis BSE India Sector Leaders Index Fund-Reg(G),Nandik Mallik,32.3,4.97,12407,11368 ,11908,12660
WOC Equity Savings Fund-Reg(G),Ramesh Mantri,273.3,0.56,11872,45528 ,35360,37109
Arudha Hybrid Long-Short Fund-Reg(G),Kapil Kankonkar,109.4,1.36,11500,11500 ,11500,4500
UTI Nifty India Manufacturing Index Fund-Reg(G),Sharwan Kumar Goyal,29.4,4.91,11143,9559 ,9073,8864
Choice Nifty 50 Index Fund-Reg(G),Rochan Pattnayak,17.9,7.94,11003,11106 ,10718,0
Edelweiss BSE Sensex ETF,Bhavesh Jain,14.6,9.62,10853,10967 ,10853,10711
Bandhan BSE India Sector Leaders Index Fund-Reg(G),Abhishek Jain,25.9,4.98,9970,9064 ,9412,9333
Edelweiss Nifty 50 ETF,Bhavesh Jain,15.8,7.95,9681,9681 ,9681,9650
Kotak Nifty 50 Equal Weight Index Fund-Reg(G),Satish Dondapati,61.0,1.98,9326,7888 ,7816,8630
LIC MF Conservative Hybrid Fund(G),Pratik Shroff,46.6,2.51,9031,9031 ,9031,9031
Mirae Asset Nifty LargeMidcap 250 Index Fund-Reg(G),Ekta Gala,35.8,3.26,9014,8551 ,9343,8955
Sundaram Nifty 100 Equal Weight Fund(G),Rohit Seksaria,142.4,0.81,8926,8822 ,8822,8755
Edelweiss Nifty LargeMidcap250 Plus 8-13 yr G-Sec 70:30 Index Fund-Reg(G),Bhavesh Jain,49.6,2.27,8702,7467 ,7263,0
Bank of India Midcap Tax Fund-Sr 1-Reg(G),Nilesh Jethani,65.1,1.55,7800,7800 ,7800,7800
Motilal Oswal Nifty 100 ETF,Swapnil P Mayekar,15.4,6.51,7763,7205 ,6604,6008
Nippon India Nifty 500 Equal Weight Index Fund-Reg(G),Jitendra Tolani,505.6,0.20,7739,6770 ,5461,5262
Apex Hybrid Long-Short Fund-Reg(G),Lovelish Solanki,80.5,1.21,7500,10000 ,6500,0
ICICI Pru Nifty Top 15 Equal Weight ETF,Nishit Patel,14.7,6.60,7488,6205 ,4889,4395
Groww Nifty 200 ETF,Aakash Chauhan,18.4,5.23,7427,6810 ,6698,6137
Navi Nifty 500 Multicap 50:25:25 Index Fund-Reg(G),Ashutosh Shirwaikar,27.0,3.22,6709,6589 ,6391,6336
SBI Nifty50 Equal Weight ETF,Viral Chhadva,37.2,1.98,5681,5018 ,5061,4824
Aditya Birla SL MSCI India ETF,Mehul Dama,11.0,6.07,5159,4737 ,4611,4613
DSP Nifty 500 Index Fund-Reg(G),Anil Ghelani,15.0,4.45,5148,4796 ,4603,4219
Mirae Asset Nifty Top 20 Equal Weight ETF,Ritesh Patel,12.8,4.94,4892,4235 ,4054,3521
Taurus Infrastructure Fund-Reg(G),Anuj Kapil,8.9,6.99,4802,4802 ,4802,4802
SBI BSE 100 ETF,Raviprakash Sharma,9.5,6.35,4639,4684 ,4684,4670
Capitalmind Arbitrage Fund-Reg(G),Anoop Vijaykumar,21.2,2.75,4500,0 ,0,0
Bank of India Midcap Tax Fund-Sr 2-Reg(G),Nilesh Jethani,32.5,1.63,4100,4100 ,4100,4100
Taurus Nifty 50 Index Fund-Reg(G),Anuj Kapil,6.5,7.92,3952,3915 ,3914,3762
Nippon India Nifty India Manufacturing ETF,Jitendra Tolani,9.6,4.87,3608,3053 ,3053,4065
Kotak Nifty 100 Equal Weight Index Fund-Reg(G),Satish Dondapati,44.2,0.99,3383,2752 ,2693,2586
HDFC NIFTY100 Low Volatility 30 ETF,Arun Agarwal,12.5,3.43,3324,2800 ,2732,2734
LIC MF Equity Savings Fund(G),Siddharth Panjwani,36.4,1.10,3081,3081 ,3081,3456
Sundaram Conservative Hybrid Fund(G),Kumaresh Ramakrishnan,18.7,2.08,3000,3000 ,3000,3000
DSP BSE Sensex ETF,Anil Ghelani,4.0,9.60,2965,2826 ,2532,2386
360 ONE MSCI India ETF,Viral Mehta,6.4,5.93,2925,2814 ,0,0
Bank of India Conservative Hybrid Fund-Reg(G),Alok Singh,65.1,0.58,2900,2900 ,2900,2900
Kotak Nifty 100 Equal Weight ETF,Satish Dondapati,29.4,0.99,2245,1674 ,1255,794
Bandhan Nifty Alpha Low Volatility 30 Index Fund-Reg(G),Abhishek Jain,8.8,2.94,1992,2289 ,2318,2260
DSP MSCI India ETF,Anil Ghelani,3.3,6.02,1533,1533 ,1493,1493
Kotak Nifty Alpha Low-Volatility 30 Index Fund-Reg(G),Satish Dondapati,6.2,2.94,1404,0 ,0,0
Bandhan BSE Sensex ETF,Abhishek Jain,1.2,9.60,868,872 ,871,871
Mirae Asset BSE 200 Equal Weight ETF,Ekta Gala,19.4,0.50,743,715 ,715,618
Motilal Oswal Nifty India Manufacturing ETF,Swapnil P Mayekar,1.6,4.91,600,504 ,504,628
Bajaj Finserv Equity Savings Fund-Reg(G),Sorbh Gupta,37.3,0.17,500,1582 ,1582,1582
DynaSIF Equity Long-Short Fund-Reg(G),Harsh Aggarwal,-,-,0,14000,0,29000
360 ONE Flexicap Fund-Reg(G),Mayur Patel,-,-,0,0 ,0,279417
Axis Quant Fund-Reg(G),Nandik Mallik,-,-,0,62500 ,0,28187
Bandhan Small Cap Fund-Reg(G),Manish Gunwani,-,-,0,0 ,0,240000
Baroda BNP Paribas Conservative Hybrid Fund-Reg(G),Paresh Jain,-,-,0,65900 ,65900,65900
Baroda BNP Paribas Innovation Fund-Reg(G),Jitendra Sriram,-,-,0,50000 ,162600,162600
Aditya Birla SL Large & Mid Cap Fund-Reg(G),Vishal Gajwani,-,-,0,313094 ,313094,313094
Aditya Birla SL Business Cycle Fund-Reg(G),Pavas Pethia,-,-,0,51578 ,371578,412645
Capitalmind Flexi Cap Fund-Reg(G),Anoop Vijaykumar,-,-,0,0 ,0,46639
Groww Largecap Fund-Reg(G),Anupam Tiwari,-,-,0,0 ,0,29459
HSBC Midcap Fund-Reg(G),Cheenu Gupta,-,-,0,0 ,0,792975
iSIF Equity Ex-Top 100 Long-Short Fund-Reg(G),Sankaran Naren,-,-,0,0 ,7794,151794
ICICI Pru Innovation Fund-Reg(G),Vaibhav Dusad,-,-,0,0 ,530000,400000
Kotak ESG Exclusionary Strategy Fund-Reg(G),Mandar Pawar,-,-,0,0 ,0,65185
LIC MF Balanced Advantage Fund-Reg(G),Manoj Bajpai,-,-,0,0 ,224839,224839
LIC MF Value Fund-Reg(G),Mahesh Bendre,-,-,0,13833 ,13833,13833
LIC MF Multi Asset Allocation Fund-Reg(G),Sumit Bhatnagar,-,-,0,0 ,82897,82897
LIC MF Large & Midcap Fund-Reg(G),Sudhanshu Asthana,-,-,0,0 ,0,467763
LIC MF Multi Cap Fund-Reg(G),Dikshit Mittal,-,-,0,0 ,179337,179337
Motilal Oswal Flexi Cap Fund-Reg(G),Ajay Khandelwal,-,-,0,0 ,0,2401369
Motilal Oswal Focused Fund-Reg(G),Atul Mehra,-,-,0,0 ,352430,325956
Motilal Oswal Balanced Advantage Fund-Reg(G),Atul Mehra,-,-,0,0 ,154912,101855
Motilal Oswal Multi Cap Fund-Reg(G),Atul Mehra,-,-,0,0 ,645480,645480
Navi ELSS Tax Saver Fund-Reg(G),Ashutosh Shirwaikar,-,-,0,0 ,0,18536
Nippon India Innovation Fund-Reg(G),Vinay Sharma,-,-,0,0 ,81000,431000
Nippon India Small Cap Fund(G),Samir Rachh,-,-,0,0 ,0,1298635
Qsif Hybrid Long-Short Fund-Reg(G),Sandeep Tandon,-,-,0,89812 ,0,28202
Qsif Equity Ex-Top 100 Long-Short Fund-Reg(G),Sandeep Tandon,-,-,0,100879 ,0,0
Qsif Active Asset Allocator Long-Short Fund-Reg(G),Sandeep Tandon,-,-,0,29494 ,0,0
Qsif Equity Long-Short Fund-Reg(G),Sandeep Tandon,-,-,0,352453 ,0,27000
Quant Business Cycle Fund-Reg(G),Sandeep Tandon,-,-,0,0 ,58556,0
Quant Aggressive Hybrid Fund(G),Sandeep Tandon,-,-,0,1326264 ,1092264,580100
Quant Commodities Fund-Reg(G),Sandeep Tandon,-,-,0,229735 ,229735,186735
Quant Dynamic Asset Allocation Fund-Reg(G),Sandeep Tandon,-,-,0,611782 ,611782,390002
Quant Multi Cap Fund(G),Sandeep Tandon,-,-,0,2416035 ,2416035,1644035
Quant Multi Asset Allocation Fund(G),Sandeep Tandon,-,-,0,3383841 ,1956166,852638
Quant Large & Mid Cap Fund(G),Sandeep Tandon,-,-,0,2064172 ,2064172,1593842
Quant Small Cap Fund(G),Sandeep Tandon,-,-,0,20102601 ,20102601,18567876
Quant Large Cap Fund-Reg(G),Sandeep Tandon,-,-,0,2070034 ,2070034,1624987
Quant Focused Fund(G),Sandeep Tandon,-,-,0,542596 ,542596,397096
Quant Mid Cap Fund(G),Sandeep Tandon,-,-,0,3457653 ,3457653,1059653
Quant Flexi Cap Fund(G),Sandeep Tandon,-,-,0,1500001 ,1500001,1500001
Quant Quantamental Fund-Reg(G),Sandeep Tandon,-,-,0,613039 ,613039,464039
Quant ELSS Tax Saver Fund(G),Sandeep Tandon,-,-,0,8703382 ,8703382,7821223
Samco Special Opportunities Fund-Reg(G),Umeshkumar Mehta,-,-,0,0 ,18974,0
SBI LT Advantage Fund-IV-Reg(G),Nidhi Chawla,-,-,0,54000 ,54000,54000
SBI Retirement Benefit Fund-Aggressive Plan-Reg(G),Rohit Shimpi,-,-,0,1231000 ,1231000,1231000
SBI Retirement Benefit Fund-Aggressive Hybrid Plan-Reg(G),Rohit Shimpi,-,-,0,520000 ,520000,520000
SBI Retirement Benefit Fund-Conservative Hybrid Plan-Reg(G),Rohit Shimpi,-,-,0,39400 ,43100,43100
SBI Retirement Benefit Fund-Conservative Plan-Reg(G),Rohit Shimpi,-,-,0,11550 ,12650,13250
Sundaram Large and Mid Cap Fund(G),Madanagopal Ramu,-,-,0,0 ,0,1107259
Sundaram Business Cycle Fund-Reg(G),Madanagopal Ramu,-,-,0,0 ,0,360853
Titanium Hybrid Long-Short Fund-Reg(G),Suraj Nanda,-,-,0,95000 ,0,95000
The Wealth Company Arbitrage Fund-Reg(G),Rouhak Shah,-,-,0,0 ,11500,0
The Wealth Company Balanced Advantage Fund-Reg(G),Aparna Shanker,-,-,0,10675 ,8450,9200
The Wealth Company Small Cap Fund-Reg(G),Aparna Shanker,-,-,0,0 ,0,2400
WSIF Equity Long-Short Fund-Reg(G),Chinmay Sathe,-,-,0,7200 ,0,0

Disclaimer -   All necessary precautions have been taken to avoid any error 
 lapse or insufficiency in preparing this report ; however ; no representations 
 or warranties are made (express or implied) as to the reliability 
 accuracy or completeness of such information. The Company cannot 
be held liable for the contents of this report or for any action taken on its basis.